﻿<Advertisements>
  <Ad>
    <ImageUrl>images/65953d35ae7e4_download.jpg</ImageUrl>
    <NavigateUrl>https://www.w3schools.com/</NavigateUrl>
    <AlternateText>Order flowers, roses, gifts and more</AlternateText>
    <Impressions>20</Impressions>
    <Keyword>flowers</Keyword>
  </Ad>

  <Ad>
    <ImageUrl>images/componets.jpg</ImageUrl>
    <NavigateUrl>https://www.w3schools.com/</NavigateUrl>
    <AlternateText>Order roses and flowers</AlternateText>
    <Impressions>20</Impressions>
    <Keyword>gifts</Keyword>
  </Ad>

  <Ad>
    <ImageUrl>images/65953d514ec1f_download.jpg</ImageUrl>
    <NavigateUrl>https://www.w3schools.com/</NavigateUrl>
    <AlternateText>Send flowers to</AlternateText>
    <Impressions>20</Impressions>
    <Keyword>russia</Keyword>
  </Ad>


</Advertisements>